order,change,lowercase
  **    ICED **,,  **    iced **
 Hot Cereal,, hot cereal
 Samosa Wrap 2,, samosa wrap 2
.5 Pt  Blkberry,,.5 pt  blkberry
.5 Pt Blueberry,,.5 pt blueberry
.5 Pt Raspberry,,.5 pt raspberry
~MyPlate Grill~,,~myplate grill~
~MyPlate Pasta~,,~myplate pasta~
~MyPlate Stir~,,~myplate stir~
$7.00 Fish,,$7.00 fish
1/2 GAL 2 %Milk,milk,1/2 gal 2 %milk
1/2 GALSKIM Milk,milk,1/2 galskim milk
1/2 GALWhole PF,milk,1/2 galwhole pf
1/2 Pint Milk,milk,1/2 pint milk
1000/Gr BAR,,1000/gr bar
12oz ODW CHOC,odw,12oz odw choc
12oz ODW MANGO,,12oz odw mango
12oz ODW STRAW,,12oz odw straw
12oz ODW SUPER,,12oz odw super
16 inch Cheese,Cheese,16 inch cheese
16OZ CHOC MILK,,16oz choc milk
1QT Strawberry,,1qt strawberry
32 oz Vit Revive,,32 oz vit revive
32 P MOUNTAIN,,32 p mountain
32PAZERO STRAW,,32pazero straw
32POWER/ORG,,32power/org
6/6 Pizza/Caesar,,6/6 pizza/caesar
AG TURKEY,,ag turkey
Ala Beef /  Lamb,,ala beef /  lamb
Ala Chic / Fish,,ala chic / fish
ALMOND MILKunswt,,almond milkunswt
ALTOIDS PEP,,altoids pep
Americano,,americano
"Americano, 20oz",,"americano, 20oz"
AMY CHPIZ SNACK,,amy chpiz snack
Amy Z Veg Burg,,amy z veg burg
AMY/CHEDDAR,,amy/cheddar
AMY/PESTO,,amy/pesto
AMYGF/TERYK,,amygf/teryk
AMYMAC&CHEEES,,amymac&cheees
ANNIE BROWN,,annie brown
ANNIE Korean,,annie korean
ANNIE PHO,,annie pho
ANNIE STICKY,,annie sticky
Antipasto,,antipasto
Applegate Tender,,applegate tender
Asst Bar 2.10,,asst bar 2.10
Avocado,,avocado
B/GARD/ITALI,,b/gard/itali
B/GARD/MUST,,b/gard/must
B/KETCHUP,,b/ketchup
Bacon / Sausage,,bacon / sausage
Bagel,Bagel,bagel
BAGEL BITE C/S/P,Bagel,bagel bite c/s/p
BAGEL BITE PEP,Bagel,bagel bite pep
BAGEL BITE SPM,Bagel,bagel bite spm
Bagel Chp Rye,,bagel chp rye
Bagel Thins PL,,bagel thins pl
Bagel Thins WW,,bagel thins ww
BAKED/BBQ6.25,,baked/bbq6.25
BAKED/Reg6.25,,baked/reg6.25
Bakery Special,,bakery special
BAL GOLD CNB,,bal gold cnb
BALANCE-YOGU,,balance-yogu
Barbara's Puffin,,barbara's puffin
BBQ Lays,,bbq lays
BCHEX/BOLD,,bchex/bold
Beans ,,beans 
Beefsteak Sand,,beefsteak sand
Bento Box,,bento box
BIO-Mocha,,bio-mocha
Bis & Gravy,,bis & gravy
Biscuit,Biscuit,biscuit
Bisquick,Biscuit,bisquick
Blk Bean Burger,,blk bean burger
Bottle Juice,,bottle juice
Bottle Soda,,bottle soda
BOX Ritz Cracker,,box ritz cracker
BOX/ANIMAL,,box/animal
BOX/Saltines,,box/saltines
Breakfast Bread,,breakfast bread
Breakfast Meal,,breakfast meal
Brie,,brie
Brownie,Brownie,brownie
Brownie - Fancy,Brownie,brownie - fancy
Brownie MIX,Brownie,brownie mix
Brunch Cash,,brunch cash
Buffalo Chic,,buffalo chic
Bulk Cereal Sm,,bulk cereal sm
Burger,,burger
Burrito,,burrito
Cafe au Lait,,cafe au lait
CAFF Free CO20oz,,caff free co20oz
Cake Fancy 3.40,,cake fancy 3.40
Capp,Capp,capp
"Capp, 20oz",Capp,"capp, 20oz"
CaribbeanPassion,,caribbeanpassion
Carrib Chic Sal,,carrib chic sal
CASFRZ/Blueberry,,casfrz/blueberry
CC BB  Zuc Bar,,cc bb  zuc bar
CC Chicken Salad,,cc chicken salad
CC Cookie,,cc cookie
CC Cup cake,,cc cup cake
CC Muffin,,cc muffin
Cereal & Milk,,cereal & milk
Chai,Chai,chai
"Chai, 20oz",Chai,"chai, 20oz"
Cheese,Cheese,cheese
Cheese Burger,,cheese burger
Cheese Cake ,,cheese cake 
CHEESE IT 3oz,,cheese it 3oz
Cheese it7ozJack,,cheese it7ozjack
Cheese it7ozorig,,cheese it7ozorig
Cheese Melt,,cheese melt
Cheez ched parm,,cheez ched parm
Cheez ched swiss,,cheez ched swiss
Cheez hot spicy,,cheez hot spicy
CHERRY COKE20oz,,cherry coke20oz
Cherry Tomato,,cherry tomato
Chex orig 3.75oz,,chex orig 3.75oz
CHEX/BOLD,,chex/bold
CHEX/CHEDAR,,chex/chedar
Chic Salad Sand,,chic salad sand
Chicken Club,,chicken club
Chicken Philly,,chicken philly
Chicken Skewer,,chicken skewer
Chips,,chips
Chips & Salsa,,chips & salsa
CHNKY/Chix/nood,,chnky/chix/nood
CHNKY/ChixDump,,chnky/chixdump
Chobani  BB,Chobani,chobani  bb
Chobani  plain,Chobani,chobani  plain
Chobani  Straw,Chobani,chobani  straw
Chobani  Vanilla,Chobani,chobani  vanilla
CIC AJACKS,,cic ajacks
CIC COCO KRISP,,cic coco krisp
CIC CORNPOP,,cic cornpop
CIC FRFLAKES,,cic frflakes
CIC Kashi CRUNCH,CIC Kashi,cic kashi crunch
CIC Kashi GOLEAN,,cic kashi golean
CIC Kashi H to H,,cic kashi h to h
CIC Kashi H2HBB,,cic kashi h2hbb
CIC RBCRUNCH,,cic rbcrunch
CIC/CHEERIOS,,cic/cheerios
CIC/CINTSTCR,,cic/cintstcr
CIC/Frosted Mini,,cic/frosted mini
CIC/HNY/NUT,,cic/hny/nut
CIC/LUCKYCH,,cic/luckych
CICFRLOOPS,,cicfrloops
Cin Roll,,cin roll
Cin TST CR BARS,,cin tst cr bars
CLIF CART CAKE,,clif cart cake
Clif Pro Choc ,,clif pro choc 
Clif Pro Choc PB,,clif pro choc pb
Clif Wh Mac Nut,,clif wh mac nut
CLIF-BROWNI,,clif-browni
CLIF-Choc,,clif-choc
CLIF-CRUNCH,,clif-crunch
CLIF/Ban Nut,,clif/ban nut
CLIF/blu crisp,,clif/blu crisp
CLIF/mint choc,,clif/mint choc
CLIF/TOFFBUZ,,clif/toffbuz
Club CRACKER,,club cracker
Coffee,,coffee
"Coffee, 20oz",,"coffee, 20oz"
COKE 20 oz,,coke 20 oz
COKE ZERO 20oz,,coke zero 20oz
Comfort Meal BD,,comfort meal bd
Comfort Meal FRI,,comfort meal fri
Comfort Meal WED,,comfort meal wed
Connie's Salad,,connie's salad
Cookie,,cookie
Cookie Promo,,cookie promo
Cream Ch Spread,,cream ch spread
Cream Cheese,,cream cheese
Crepe,,crepe
CRISCO OIL,,crisco oil
Croissant,,croissant
Cuban Sand,,cuban sand
Cupcake,,cupcake
Custom Meat,,custom meat
Custom Veg,,custom veg
Daily Special,,daily special
Danish,,danish
Deans 16oz 2%,,deans 16oz 2%
Deans 16oz skim,,deans 16oz skim
Deans 16oz whole,,deans 16oz whole
Deli Salad Large,,deli salad large
Deli Salad Small,,deli salad small
Dessert Cup,,dessert cup
DIET 20oz,,diet 20oz
DIET CHERRY20oz,,diet cherry20oz
DIET PEAK,,diet peak
DIET/LIME 20oz,,diet/lime 20oz
Dips/Spreads,,dips/spreads
DOLE cherry  CUP,,dole cherry  cup
DOLE PEACH CUP,,dole peach cup
Donut,,donut
DOR/NACHO,,dor/nacho
Drum Stick Cone,,drum stick cone
DS Farm Eggs,,ds farm eggs
EASY MAC,,easy mac
Eclair,,eclair
Eco To Go Box,,eco to go box
Eden Berry Mix,,eden berry mix
Eden Cherries,,eden cherries
Eden Cranberry,,eden cranberry
Eden Pistachio,,eden pistachio
Eden Pumpkinseed,,eden pumpkinseed
Eden Quiet Moon,,eden quiet moon
Edy Cup Carm,,edy cup carm
Edy Cup Choc,,edy cup choc
Edy Cup Drum,,edy cup drum
Edy Cup Mint,,edy cup mint
Edy Cup Van,,edy cup van
Edy Cup Van Bean,,edy cup van bean
Edy's Chocolate,,edy's chocolate
Egg to Order ea,,egg to order ea
Egg/Ch  Brk Sand,,egg/ch  brk sand
Egg/Meat Brk San,,egg/meat brk san
ENCHILADA/CH,,enchilada/ch
Espresso,,espresso
Extra Meat,,extra meat
Extra Veggies,,extra veggies
F'Real Shake,,f'real shake
Falafel,,falafel
Fancy Cookie ,,fancy cookie 
FANTA GrAPE20oz,,fanta grape20oz
FANTA ORG 20oz,,fanta org 20oz
Fiber One Choc,,fiber one choc
Filled Croissant,,filled croissant
Fitz Cream,,fitz cream
Fitz RB,,fitz rb
Fitz's Rootbeer,,fitz's rootbeer
Flavor Shot,,flavor shot
Flipz/ milk choc,,flipz/ milk choc
Franks Red Hot,,franks red hot
French Toast,,french toast
Frenchie,,frenchie
Fried Egg Sand,,fried egg sand
Fries,,fries
FRLPRETZ/TINY,,frlpretz/tiny
Fro Yo Large,,fro yo large
Fro Yo Small,,fro yo small
Fruit cup,,fruit cup
Fruit Cup,,fruit cup
Full Tenders,,full tenders
FUSE Punch,,fuse punch
GARD/Orig 5.5oz,,gard/orig 5.5oz
Garlic Bread,,garlic bread
GF Vans Every,,gf vans every
GG Meal,,gg meal
GG Meat ,,gg meat 
GG Side,,gg side
GG Veg Entree,,gg veg entree
Global Plate,,global plate
Global Veg,,global veg
GOBSTOPPERS,,gobstoppers
Gold Peak Unstwn,,gold peak unstwn
Grande GREEN,,grande green
"Grapefruit, each",,"grapefruit, each"
Grill Special,,grill special
Grilled 3 Cheese,,grilled 3 cheese
Grilled Cheese,,grilled cheese
Grilled Chic San,,grilled chic san
Grilled veg,,grilled veg
Guac side,,guac side
HALF POPCORD,,half popcord
Half Tend/Fries,,half tend/fries
Half Tenders,,half tenders
Hashbrown,,hashbrown
HD/ChocOLATE,,hd/chocolate
HD/Raspberry,,hd/raspberry
HD/VANILLA,,hd/vanilla
HEARTl-ORG,,heartl-org
HEATH,,heath
HERSHEY AL,,hershey al
HERSHEY Milk,,hershey milk
HERSHEY/COOK,,hershey/cook
HERSHEY/DARK,,hershey/dark
Honest Green T,,honest green t
Honest Mango T,,honest mango t
Honest Peach,,honest peach
Honest POME,,honest pome
HONEY,,honey
HONEY GrAHAM,,honey graham
"Honeydew, whole",,"honeydew, whole"
Hot Chocolate,,hot chocolate
House Made Chips,,house made chips
HR Peanuts,,hr peanuts
Iced Tea,,iced tea
Jello Cup,,jello cup
JIF PBY 12oz,,jif pby 12oz
Juice- Large,,juice- large
Juice-Small,,juice-small
JUNIOR MINTS,,junior mints
K Bar/STRAW,,k bar/straw
Kettle Caramel,,kettle caramel
Kettle Classic,,kettle classic
Kettle Natural,,kettle natural
Kettle Popcorn,,kettle popcorn
KIMCHEE BOWL,,kimchee bowl
Kind + Almd Apr,,kind + almd apr
Kind + almd coco,,kind + almd coco
Kind + Cran Almn,,kind + cran almn
KIT KAT,,kit kat
Kosher Pre Pack,,kosher pre pack
KRAFT 8OZ,,kraft 8oz
Kraft Cheddar1oz,,kraft cheddar1oz
Kraft Cheese 1oz,,kraft cheese 1oz
KRAFTColby  8OZ,,kraftcolby  8oz
Krispy Treat,,krispy treat
LACTAID 64oz,,lactaid 64oz
Large Salad,,large salad
Latte,,latte
"Latte, 20oz",,"latte, 20oz"
LAYS CLASSIC,,lays classic
LAYS/WAVY,,lays/wavy
LC/Chick Fett,,lc/chick fett
LEMON PEEK,,lemon peek
Lentil Panini,,lentil panini
LUNA WCM,,luna wcm
LUNA-Crml nt brw,,luna-crml nt brw
LUNA-CRNBRY,,luna-crnbry
LUNA-Lemon,,luna-lemon
LUNA-NUTZ,,luna-nutz
LUNA-SmORES,,luna-smores
LUNA/CHMINT,,luna/chmint
LUNA/OATMEAL,,luna/oatmeal
M&M P Butter,,m&m p butter
M&M Peanut,,m&m peanut
M&M PLAIN,,m&m plain
Mango A Go-Go,,mango a go-go
MAR/ChixN,,mar/chixn
MARATHON/MULTI,,marathon/multi
MARATHON/Peanut,,marathon/peanut
Marcoot Garlic ,,marcoot garlic 
Market Fresh San,,market fresh san
Meal w/2 sides,,meal w/2 sides
Meat Entre,,meat entre
Meat Special,,meat special
Mega Mango,,mega mango
MELLO YELLO20oz,,mello yello20oz
Mezzo YELLOW,,mezzo yellow
Milk Chug,,milk chug
Milk Duds,,milk duds
Milky Way,,milky way
Mini Loaf,,mini loaf
MINUTE PINK,,minute pink
MIUTE/LEM ADE,,miute/lem ade
MM/APPLE J,,mm/apple j
MM/Berry Blend,,mm/berry blend
MM/CRAN,,mm/cran
MM/GrAPE,,mm/grape
MM/ORANGE,,mm/orange
MM/PINK,,mm/pink
MM/Trop Blend,,mm/trop blend
Mocha ,,mocha 
"Mocha, 20oz",,"mocha, 20oz"
MOTTSAPSAUCECUP,,mottsapsaucecup
Mozz Sticks,,mozz sticks
MTO SALAD LG,,mto salad lg
MTO SALAD REG,,mto salad reg
Muffin,,muffin
Mug Refill,,mug refill
Natural Ties,,natural ties
NATURE/OAT,,nature/oat
NestleCrunch Bar,,nestlecrunch bar
Nestledrum stick,,nestledrum stick
NOS CMPLX6,,nos cmplx6
NP EM Reg,,np em reg
NP NY PLAIN,,np ny plain
NP S WHEAT,,np s wheat
Nu Go Carrot Cak,,nu go carrot cak
Numi Hot Tea,,numi hot tea
NUTIR/RASP,,nutir/rasp
NUTRI/BLUE,,nutri/blue
NUTRI/BROWN,,nutri/brown
NUTRI/STRAW,,nutri/straw
NUTS Choc,,nuts choc
NUTS Maple,,nuts maple
NUTTELLA,,nuttella
NV Almond,,nv almond
NV SWEET/SALTY,,nv sweet/salty
OAT/BROWN,,oat/brown
ODW Bar Berrie,,odw bar berrie
ODW Bar CAC,,odw bar cac
ODW Blue,,odw blue
Onion Rings,,onion rings
Orange A Peel,,orange a peel
Orange Blast,,orange blast
ORBIT SW MINT,,orbit sw mint
ORBIT/PEPPER,,orbit/pepper
ORBIT/SPEAR,,orbit/spear
ORBIT/WINTER,,orbit/winter
OREO Mini 8oz,,oreo mini 8oz
PA 20oz STR LEM,,pa 20oz str lem
PA 32  ZERO BRY,,pa 32  zero bry
PA 32 oz Mango,,pa 32 oz mango
PA 32 oz Melon,,pa 32 oz melon
PA 32 oz ORG,,pa 32 oz org
PA 32 oz WHT CHE,,pa 32 oz wht che
Pancake (1),,pancake (1)
Pasta Special,,pasta special
Patty Melt,,patty melt
PB Pro ch pb,,pb pro ch pb
PBJ,,pbj
PEAK SWT GREEN T,,peak swt green t
Peanut Butter PC,,peanut butter pc
PF OJ 1/2 Gallon,,pf oj 1/2 gallon
PG RITZ BiTS PB,,pg ritz bits pb
PIBB 20oz,,pibb 20oz
Pills Cinn Roll,,pills cinn roll
PIZZA ROLL SUP,,pizza roll sup
Pizza Slice,,pizza slice
pop Tart Fge Sun,,pop tart fge sun
POP/BLUEBERR,,pop/blueberr
POP/BROWNC,,pop/brownc
POP/CHERRY,,pop/cherry
POP/FUDGE,,pop/fudge
POP/SmORES,,pop/smores
POP/STRAW,,pop/straw
POWER 20/Fruit.2,,power 20/fruit.2
POWER-HVST,,power-hvst
POWER-HVST AC,,power-hvst ac
POWER/LIME,,power/lime
POWER/MOUNTA,,power/mounta
POWER/ORG,,power/org
POWERChoc,,powerchoc
Pre Pack Entree,,pre pack entree
Pre Pack Salad,,pre pack salad
Pre Pack Sand,,pre pack sand
Pretzel 2oz,,pretzel 2oz
PRIG/ORGINAL SS,,prig/orginal ss
PRIG/SOUR CR,,prig/sour cr
PRING BBQ 2.5 OZ,,pring bbq 2.5 oz
PRING Ched2.5 OZ,,pring ched2.5 oz
PRING SC 2.5 OZ,,pring sc 2.5 oz
PRO PWR COOKIE,,pro pwr cookie
PRO PWR Van,,pro pwr van
Prosciutto,,prosciutto
Protein Booster,,protein booster
Pulled Chicken,,pulled chicken
PWR Z 20/mix ber,,pwr z 20/mix ber
Quaker Qk Oats,,quaker qk oats
Quesadilla ,,quesadilla 
Queso Cheese,,queso cheese
QUESO SALSA CORN,,queso salsa corn
RANCH,,ranch
Rasinettes,,rasinettes
Razzmatazz,,razzmatazz
"Red Pepper, ea",,"red pepper, ea"
REESE Cup,,reese cup
REESE PIECES,,reese pieces
Regular Salad,,regular salad
Rice,,rice
Roast Beef Sand,,roast beef sand
Romaine Heart,,romaine heart
ROOTBEER 20oz,,rootbeer 20oz
RR Meat Stick,,rr meat stick
S/ POP/STRAW,,s/ pop/straw
s/ Snack well,,s/ snack well
S/NUTTER BUT,,s/nutter but
S/OREO Golden,,s/oreo golden
SA/KUNGPAO,,sa/kungpao
SA/PEANUT,,sa/peanut
SAH Chix/NOO,,sah chix/noo
SAH/TOMATO,,sah/tomato
Salad Bar Lrg PG,,salad bar lrg pg
Salad Bar Lrg V,,salad bar lrg v
Salad Bar Sm PG,,salad bar sm pg
Salad Bar Sm V,,salad bar sm v
Salad Open SM,,salad open sm
Salame,,salame
Salpica jap/jack,,salpica jap/jack
Salpica mango,,salpica mango
Salsa Rose Hot,,salsa rose hot
Salsa Rose Mild,,salsa rose mild
Samosa (1),,samosa (1)
Samosa (2),,samosa (2)
Saute Chic 6.00,,saute chic 6.00
Saute Salmo10.00,,saute salmo10.00
Scone,,scone
Sensible Swt Crn,,sensible swt crn
Serendipity .5pt,,serendipity .5pt
Sheet Cake,,sheet cake
Shred Cheddar,,shred cheddar
Sia Italian Ice,,sia italian ice
Side 1.95,,side 1.95
Side Salad,,side salad
Silk Almond Milk,,silk almond milk
Silk Soy Choc,,silk soy choc
Silk Soy Van,,silk soy van
Simply Fresh,,simply fresh
Simply Lem ade2,,simply lem ade2
Simply Lem rasp2,,simply lem rasp2
Simply ORANGE2,,simply orange2
SkimChoc PUDDING,,skimchoc pudding
SKITTLES,,skittles
SNICKERS,,snickers
Soda-Large,,soda-large
Soda-Reg,,soda-reg
Soup Bowl,,soup bowl
Soup Cup,,soup cup
Sour Cream,,sour cream
Sour Patch Extre,,sour patch extre
SOUR/Blu Rasp,,sour/blu rasp
SOURPatch Water,,sourpatch water
Soy Crisp SeaSal,,soy crisp seasal
Soy Milk ,,soy milk 
SOY ORG,,soy org
SOY VANILLA,,soy vanilla
SP APPLE,,sp apple
SPRITE 20oz,,sprite 20oz
SS/EASY 3 CH,,ss/easy 3 ch
SS/EASY ALFREDO,,ss/easy alfredo
STAR/Tuna,,star/tuna
STARBURST,,starburst
Starr's Tart,,starr's tart
Steak Philly,,steak philly
Steamer,,steamer
Stir Fry Beef,,stir fry beef
Stir Fry Chicken,,stir fry chicken
Stir Fry Pork,,stir fry pork
Stir Fry Scallop,,stir fry scallop
Stir Fry Seafood,,stir fry seafood
Stir Fry Shrimp,,stir fry shrimp
Stir Fry Tofu,,stir fry tofu
Stoufers Fettucc,,stoufers fettucc
STOUFF/LASAG,,stouff/lasag
STOUFF/MAC,,stouff/mac
Straw Whirl,,straw whirl
Straw WilD,,straw wild
STRETCH/STR,,stretch/str
STRETCHCHRY,,stretchchry
String Mozz,,string mozz
Sub Soy,,sub soy
SUN CHIPS Ched,,sun chips ched
SUN/ORGINAL,,sun/orginal
Sundae Cup,,sundae cup
Sushi-Meat,,sushi-meat
Sushi-Veg,,sushi-veg
SWEET PEAK,,sweet peak
Sweet Pot Fries,,sweet pot fries
Taco (1),,taco (1)
Taco Cheese,,taco cheese
Taco Salad,,taco salad
Take 5,,take 5
Tator Tots,,tator tots
Thai Beef Salad,,thai beef salad
Thom Blue Bagl,,thom blue bagl
Thom Cin Ra Bagl,,thom cin ra bagl
Tilapia Sand,,tilapia sand
Toast,,toast
Toasted Rav,,toasted rav
TOLLHOUSE,,tollhouse
"Tomato, ea",,"tomato, ea"
Torpedo,,torpedo
TOS SAL/NAT/MD,,tos sal/nat/md
TOS/RESTURAN,,tos/resturan
TOS/SCOOPS,,tos/scoops
Tost Rest Salsa,,tost rest salsa
Trail Mix,,trail mix
TRI/SPEARMIN,,tri/spearmin
TRID LAYER APPLE,,trid layer apple
TST/CLB CRACK,,tst/clb crack
Tuna KIT,,tuna kit
Tuna Sand,,tuna sand
Tuna Side,,tuna side
Turkey Burger,,turkey burger
Turkey Club,,turkey club
Turkey Panini,,turkey panini
Turkey Sand,,turkey sand
Turtle,,turtle
"Turtle Latte, 20",,"turtle latte, 20"
TWIX,,twix
TWIX IC BAR,,twix ic bar
UDI VAN Granola,,udi van granola
UDI WhiteBread,,udi whitebread
Value Meal,,value meal
VAN PUDD Non fat,,van pudd non fat
Veg Meal w/2 sid,,veg meal w/2 sid
Veg SIDE ,,veg side 
VEGGIE CHIPS,,veggie chips
Veggie Entre,,veggie entre
VIT H20 BB POM,,vit h20 bb pom
VIT H20 energy,,vit h20 energy
VIT H20 FOCUS,,vit h20 focus
VIT H20 FR PNCH,,vit h20 fr pnch
VIT H20 PWR C,,vit h20 pwr c
VIT H20 Z -XXX,,vit h20 z -xxx
VIT H20 Z- sqeez,,vit h20 z- sqeez
VIT H20 ZERO,,vit h20 zero
VIT H20 Zero Org,,vit h20 zero org
Waffle,,waffle
WC Gr Van Latte,,wc gr van latte
WC Greek Peach,,wc greek peach
WC Greek Rasp,,wc greek rasp
WC Greek Straw,,wc greek straw
WHEAT Thins,,wheat thins
Whole fruit,,whole fruit
Whoppers,,whoppers
Wings,,wings
X Shot Espresso,,x shot espresso
X Stir Fry Veg,,x stir fry veg
Yellow Ched 4oz,,yellow ched 4oz
Yogurt Parfait,,yogurt parfait
Yoplait,,yoplait
YUKGAE BOWL,,yukgae bowl
ZEROSP/20oz,,zerosp/20oz
~MyPlate Pizza~,,~myplate pizza~
$5 Lunch Special,,$5 lunch special
$7.00 meat,,$7.00 meat
1/2 Sand,,1/2 sand
1/2 Tend &Fries,,1/2 tend &fries
16 in Meat Pizza,,16 in meat pizza
3 MUSKTEERS,,3 muskteers
AJ Pancake Mix,,aj pancake mix
Ala Veg,,ala veg
"All Night, 20oz",,"all night, 20oz"
AMY/SHELLS,,amy/shells
ANNIE/TERYAKI,,annie/teryaki
AppetIT/CKN,,appetit/ckn
Aqua Fresca,,aqua fresca
Baby Carrots16oz,,baby carrots16oz
Baby Ruth,,baby ruth
Bar-Fancy 2.40,,bar-fancy 2.40
Beef Bibimbap,,beef bibimbap
Beef Gyro,,beef gyro
Beef Stick,,beef stick
Blk Bean Torta,,blk bean torta
Bubble Tea,,bubble tea
Cake/YELLOW,,cake/yellow
California Turke,,california turke
Calzone,,calzone
CC Pastry,,cc pastry
Cheese/POCKE,,cheese/pocke
Chef Micro Rav,,chef micro rav
Chex Hot 3.75oz,,chex hot 3.75oz
Chicken Tnd (5),,chicken tnd (5)
Chicken Torta,,chicken torta
CIC Special K,,cic special k
Coffee Spec,,coffee spec
Comfort Meal MON,,comfort meal mon
Comfort Meal TUE,,comfort meal tue
CremetteSPAGHET,,cremettespaghet
Cucumber,,cucumber
DOLE Mixed Fruit,,dole mixed fruit
DOLE ORANGES,,dole oranges
Domino Sugar,,domino sugar
DOR/COOL R,,dor/cool r
Edy Cup Cookie,,edy cup cookie
Edy Cup PB Cup,,edy cup pb cup
Edy Cup Rocky,,edy cup rocky
Edy's Butt Pec,,edy's butt pec
Edy's Van,,edy's van
Entree Only,,entree only
Fish Special,,fish special
Fitz Orange,,fitz orange
FL SPIN DIP,,fl spin dip
FL/PRET/STIX,,fl/pret/stix
Flipz/ White Fud,,flipz/ white fud
Fountain Soda,,fountain soda
FROSTING MIL,,frosting mil
FROSTING/VAN,,frosting/van
GF Csr Salad Sm,,gf csr salad sm
GF LG MacNCheese,,gf lg macncheese
GF Mac n Cheese,,gf mac n cheese
GF Pasta Lg,,gf pasta lg
GF Pizza,,gf pizza
GF Stir Fry,,gf stir fry
Gld Medal Flour,,gld medal flour
Goldfish,,goldfish
Granola,,granola
Granola Bark,,granola bark
Grilled Tilapia,,grilled tilapia
H NUT CHEER BARS,,h nut cheer bars
Ham/Egg Sand,,ham/egg sand
Hamburger,,hamburger
HERSHEY SYRU,,hershey syru
Hot Drink Spec V,,hot drink spec v
Hot Pastrami San,,hot pastrami san
HotCerealTopping,,hotcerealtopping
JIFF Creamy,,jiff creamy
K Bar BLUE,,k bar blue
Kind + Fruit & N,,kind + fruit & n
Kind Clust Van,,kind clust van
LAYS/SCO,,lays/sco
LC Cannelloni,,lc cannelloni
LC ROAST CHIC,,lc roast chic
Lem/Berry Stack,,lem/berry stack
Lightning Bolt,,lightning bolt
LUNA/PBCOOKIE,,luna/pbcookie
Mango,,mango
MAR/INS/Beef,,mar/ins/beef
MAR/INS/Chix,,mar/ins/chix
Marcoot Cheese,,marcoot cheese
mentos rainbow,,mentos rainbow
MENTOS/BERRY,,mentos/berry
MENTOS/MIXED,,mentos/mixed
Midnight Hayes,,midnight hayes
MilkMIDNITE,,milkmidnite
Mozzarella Stick,,mozzarella stick
Naan,,naan
NOS CMPLX6zero,,nos cmplx6zero
Nu Go Mocha,,nu go mocha
Nu Go Trail Mix,,nu go trail mix
NY/ WHEAT,,ny/ wheat
NY/EVERYTHIN,,ny/everythin
Oatmeal to go,,oatmeal to go
Org Carrots16oz,,org carrots16oz
Pizza R/PEPP,,pizza r/pepp
PM Better4 U BAR,,pm better4 u bar
PM HotCereal ala,,pm hotcereal ala
PM Yog/Gran ala,,pm yog/gran ala
Popcorn Chips,,popcorn chips
Pork Buns,,pork buns
POWER Per Energ,,power per energ
POWER-STRAW,,power-straw
PRIG/BBQ CR,,prig/bbq cr
PRIG/Salt n Ving,,prig/salt n ving
QUAKER OAT App,,quaker oat app
Rolo,,rolo
Rotola,,rotola
RUFF/SC ,,ruff/sc 
RUFF/SC/CHED,,ruff/sc/ched
S POP/BLUE,,s pop/blue
S POP/Cinn,,s pop/cinn
S/OREO,,s/oreo
SAH Chix/STAR,,sah chix/star
Salad Open Lrg ,,salad open lrg 
SALT&PEPPER,,salt&pepper
Saute Trout 9.00,,saute trout 9.00
Side Starch,,side starch
Side Vegetable,,side vegetable
SMUCKER GRAPE ,,smucker grape 
Street Taco(1),,street taco(1)
Thom Cinn Bagl,,thom cinn bagl
TIC/winter,,tic/winter
TOS SAL/NAT/MI,,tos sal/nat/mi
TOS/BITE WHITE,,tos/bite white
TRI/CinnAMON,,tri/cinnamon
TRI/ORG,,tri/org
TRI/Per Pepper,,tri/per pepper
UDI Bagel Plain,,udi bagel plain
Van's GF Waffle,,van's gf waffle
Veg FlameThrower,,veg flamethrower
Vit H2O 32 PWR C,,vit h2o 32 pwr c
Whoopie Pie IC,,whoopie pie ic
Yog/Gran Bar ,,yog/gran bar 
*DON'T MAKE*,,*don't make*
*NOTE*,,*note*
*RUSH*,,*rush*
$6.00 meat,,$6.00 meat
$8.00 meat,,$8.00 meat
3 Sister Salad,,3 sister salad
Add Bacon,,add bacon
Add Cheese,,add cheese
Add Chicken,,add chicken
Add Fried Egg,,add fried egg
All Nighter,,all nighter
AMYBUR/B&R,,amybur/b&r
AMYSBURRITO,,amysburrito
Angel Cookies,,angel cookies
App Feature,,app feature
Bagel Chp Chipot,,bagel chp chipot
Balance PB,,balance pb
Bananas Foster,,bananas foster
Banh-Mi,,banh-mi
BBQ Pork,,bbq pork
Bear's  Meal,,bear's  meal
Beef Randigang,,beef randigang
Beet Salad,,beet salad
Berry ,,berry 
BIO-HONEY,,bio-honey
Bistro Fries,,bistro fries
Bistro Steak,,bistro steak
Brussel Sprouts,,brussel sprouts
Burger ,,burger 
"Capp, 20oz ibby",,"capp, 20oz ibby"
Caprese,,caprese
CH/PB CRACK,,ch/pb crack
Chef/SPAG,,chef/spag
Choc Waffle,,choc waffle
Coffee Ibby,,coffee ibby
Cooked HAM,,cooked ham
Creme Brulee,,creme brulee
Entree Feature,,entree feature
Fingerling Pot,,fingerling pot
French Fries,,french fries
French OnionSoup,,french onionsoup
FULLTHROTTLE,,fullthrottle
GARD/Cheese,,gard/cheese
GF Burger,,gf burger
GF Chik&Veg Wrap,,gf chik&veg wrap
GF Pasta Sm,,gf pasta sm
GF Vans Cheese,,gf vans cheese
Gnocchi,,gnocchi
Goat Log 4oz,,goat log 4oz
Gooey Butter,,gooey butter
GREEK Windcrest,,greek windcrest
Green Beans,,green beans
"Green Pepper, ea",,"green pepper, ea"
Hess Select GL,,hess select gl
Hot Sopressa,,hot sopressa
Hot Tea Ibby,,hot tea ibby
House Salad,,house salad
Ibby's Pasta ,,ibby's pasta 
Ice Cream Ibby,,ice cream ibby
IceCream Feature,,icecream feature
Iced Tea Ibby,,iced tea ibby
Italian Ice,,italian ice
Italian Soda,,italian soda
JEM Cookie,,jem cookie
Jill's Calamari ,,jill's calamari 
Kale Salad,,kale salad
Lettuce Wrap,,lettuce wrap
Lunch Buffet,,lunch buffet
Medium,,medium
Medium Rare,,medium rare
Medium Well,,medium well
Nachos,,nachos
NUTS Jap,,nuts jap
O-F-P,,o-f-p
Oatmeal to goApp,,oatmeal to goapp
ODW Bar Choc PB,,odw bar choc pb
Onions,,onions
PARMESAN,,parmesan
Pizza Topping,,pizza topping
Pork ,,pork 
Portabella Sand,,portabella sand
Potato,,potato
Potato - side,,potato - side
Pound Cake,,pound cake
POWER-Choc,,power-choc
Pretzel Stick,,pretzel stick
PRIG/Cheddar,,prig/cheddar
PRIG/Jalapeno,,prig/jalapeno
PRING OR 2.5OZ,,pring or 2.5oz
Pull Chik Sand,,pull chik sand
Quivira Sau BLBT,,quivira sau blbt
Rissoto Side,,rissoto side
Roasted Chicken,,roasted chicken
S POP/SMORE,,s pop/smore
S/POP/Choc,,s/pop/choc
Salami,,salami
Salmon Entree,,salmon entree
Salmon Frittata,,salmon frittata
Sand Thins,,sand thins
Sangria Carafe,,sangria carafe
Saute  8.00,,saute  8.00
Saute Pork 8.00,,saute pork 8.00
SauteSteak 11.00,,sautesteak 11.00
SMUCKER STRAW,,smucker straw
Soup/Salad,,soup/salad
SOY B QUE,,soy b que
Split  2 Plates,,split  2 plates
Squash - Side,,squash - side
Squash Risotto,,squash risotto
STOUFF/FB PIZZA,,stouff/fb pizza
SUN CHIPS GAR7oz,,sun chips gar7oz
SWISS MISS,,swiss miss
Swt Pot Mash,,swt pot mash
Tabasco,,tabasco
Taqueria Special,,taqueria special
Tiny Twists,,tiny twists
TRI/WATERTWIST,,tri/watertwist
Tstd Marshmellow,,tstd marshmellow
Tuna KIT Alba,,tuna kit alba
Tuna Rolls,,tuna rolls
UDI Choc  Muffin,,udi choc  muffin
Vanilla,,vanilla
Veg Crudite,,veg crudite
WHATCHAMACAL,,whatchamacal
YORK,,york
*NO SIDE*,,*no side*
*TO-GO*,,*to-go*
$1 Cookie/Milk,,$1 cookie/milk
$7.50 BREAKFAST,,$7.50 breakfast
A to Z Pino BT,,a to z pino bt
ANNIE UDON,,annie udon
Bacon ,,bacon 
Banana Foster,,banana foster
BBQ Beef Sub,,bbq beef sub
Beef Brisket San,,beef brisket san
BIO-Choc,,bio-choc
Bistro Salad,,bistro salad
Broccoli,,broccoli
Bulk Grains,,bulk grains
Bulk Pasta,,bulk pasta
"Cafe au Lait, 20",,"cafe au lait, 20"
Cake MIX DEV,,cake mix dev
Castlerock  GL,,castlerock  gl
Cheez dbl ch,,cheez dbl ch
Chex Trail3.75oz,,chex trail3.75oz
Choc Marsh Stack,,choc marsh stack
Cider,,cider
Club Sandwich,,club sandwich
Dressing on Side,,dressing on side
Drink Special,,drink special
ELBOW MAC,,elbow mac
Express Lunch V,,express lunch v
Fitz's  Float,,fitz's  float
Fro Yo Topping,,fro yo topping
FROZ/CORN,,froz/corn
GF Grilld Cheese,,gf grilld cheese
GF MacNCheese,,gf macncheese
Healy Special,,healy special
Horizon Ched,,horizon ched
"Hot Choc, 20oz",,"hot choc, 20oz"
Ibbys Burger,,ibbys burger
Lemon,,lemon
LUNA /BB YOG,,luna /bb yog
ORBIT/straw remi,,orbit/straw remi
ORBIT/Trop Mix,,orbit/trop mix
PRIG/Fr Onion,,prig/fr onion
Ramsay Cab GL,,ramsay cab gl
Ribeye Steak,,ribeye steak
Salpica queso,,salpica queso
Sangria Glass,,sangria glass
Saute Cat 6.35,,saute cat 6.35
Schlafly Season,,schlafly season
Shooting PinoGL,,shooting pinogl
Slim Jim teriyak,,slim jim teriyak
SPIN FET PCKT,,spin fet pckt
"Steamer, 20oz",,"steamer, 20oz"
Tamale,,tamale
TRIWHITE pep,,triwhite pep
UDI Brownie Bite,,udi brownie bite
UDI Choc Chip,,udi choc chip
WC Greek Blue,,wc greek blue
Well,,well
William Jap ch ,,william jap ch 
***ALLERGY ***,,***allergy ***
ALTOIDS Cinn,,altoids cinn
Bagel Thins EV,,bagel thins ev
Birthday Dessert,,birthday dessert
CAMP/CHIC NOOD,,camp/chic nood
Cinnamon Mousse,,cinnamon mousse
CLIF PNTBUT,,clif pntbut
Comfort Meal THU,,comfort meal thu
Cream Puff 2.40,,cream puff 2.40
Feature Side,,feature side
Hot Dog,,hot dog
Kale  Salad,,kale  salad
Kefir Milk Straw,,kefir milk straw
Lime,,lime
Meatball Sub,,meatball sub
Pop Chip Sea,,pop chip sea
Pop Chip Sea 2,,pop chip sea 2
Pring Ranch,,pring ranch
Quivira GL,,quivira gl
S POP/CHERRY,,s pop/cherry
S/FF NEWTON,,s/ff newton
Sandwich Spec,,sandwich spec
Side Gravy,,side gravy
Slim JERKY ORG,,slim jerky org
Special $5.00,,special $5.00
Strawberry,,strawberry
*NO BUN*,,*no bun*
12oz ODW CITRUS,,12oz odw citrus
12oz ODW STR/BAN,,12oz odw str/ban
4 Hands Single ,,4 hands single 
A to Z Pino GL,,a to z pino gl
B/GARD/ENS,,b/gard/ens
BAGEL BITE 3CH,,bagel bite 3ch
Bud Light,,bud light
Chef/RavIOLI,,chef/ravioli
Cracker Jacks,,cracker jacks
Expresso Ibby,,expresso ibby
Friday $1SoupCup,,friday $1soupcup
LC Mac N Ch,,lc mac n ch
LOG CABIN SYRUP,,log cabin syrup
ODW Orange,,odw orange
PAYDAY,,payday
PG RITZ BUTS CH,,pg ritz buts ch
Pizza R/COMB,,pizza r/comb
Pizza R/SAUA,,pizza r/saua
Saute Tilap 7.00,,saute tilap 7.00
Schlafly Pale,,schlafly pale
SKITTlES/SOU,,skittles/sou
Soup Dejour ,,soup dejour 
Sweet Pot Waffle,,sweet pot waffle
TRIDENT/WHITE SP,,trident/white sp
Turkey Dip,,turkey dip
UDI Bagel WG,,udi bagel wg
WG HUMMUS/GARLIC,,wg hummus/garlic
Bacon,,bacon
Biscuits 5oz,,biscuits 5oz
Black Bean Burge,,black bean burge
"Cantalope,whole",,"cantalope,whole"
CHEX/TRAD,,chex/trad
Fiber One PB,,fiber one pb
FRZ/RASPBRY,,frz/raspbry
GF Quesadilla,,gf quesadilla
Kiwi,,kiwi
Planters HR Peg,,planters hr peg
PRIG/Loaded,,prig/loaded
Teriyaki Chicken,,teriyaki chicken
ACT 2 Butter Lov,,act 2 butter lov
CARAMELLO,,caramello
CHNKY/Chili,,chnky/chili
Edamame Shelled,,edamame shelled
Fish Taco (2),,fish taco (2)
"Latte, Ibby",,"latte, ibby"
MENTOS/MINT,,mentos/mint
No Sauce,,no sauce
NUTS Pepper,,nuts pepper
Rare,,rare
Rstd Pork Sand,,rstd pork sand
Schlafly  Hef,,schlafly  hef
TOTINO/CHEESE,,totino/cheese
TST/CH CRACK,,tst/ch crack
16 in  Veg Pizza,,16 in  veg pizza
Add Bleu Cheese,,add bleu cheese
Add Goat Cheese,,add goat cheese
CHE/FLAMIN HOT,,che/flamin hot
CHEETOS/CRUNCHY,,cheetos/crunchy
CIC Krave Choc,,cic krave choc
FL BKD SCO 6.25,,fl bkd sco 6.25
Foris Riesl GL,,foris riesl gl
Hormel Chili 7.5,,hormel chili 7.5
JAP CHEETOS,,jap cheetos
Lg/MARSH,,lg/marsh
Museum Night,,museum night
Pasta Feature,,pasta feature
POP Ched SC,,pop ched sc
POP Ranch,,pop ranch
POP Veg Olive,,pop veg olive
POP Veggie,,pop veggie
SNICKER IC Bar,,snicker ic bar
SOUR/STRAW,,sour/straw
UDI  BB Muffin,,udi  bb muffin
Veg Risotto,,veg risotto
William salami,,william salami
4 Hands Oatmeal,,4 hands oatmeal
Add Mushrooms,,add mushrooms
Bulk Beans,,bulk beans
CAMP NOODLE O'S,,camp noodle o's
Club,,club
Elbow Mac,,elbow mac
"Espresso, 20oz",,"espresso, 20oz"
GF Turkey Club,,gf turkey club
PEACH SliceS,,peach slices
POP SCO,,pop sco
SAH/BROCC,,sah/brocc
ACT/Butter ,,act/butter 
FSOJ 10oz,,fsoj 10oz
FSOJ 7oz,,fsoj 7oz
GR Beans,,gr beans
KIT KAT CRISPY,,kit kat crispy
POP Swt Pot,,pop swt pot
Pre Pack,,pre pack
STAR/TROPICA,,star/tropica
TWIZZ/cher nib,,twizz/cher nib
TWIZZLER/STR,,twizzler/str
Chobani  coconut,,chobani  coconut
Crescent Rolls,,crescent rolls
DUNCAN/COOKI,,duncan/cooki
FL/PRETZ/THINS,,fl/pretz/thins
Flame-Thrower,,flame-thrower
POP BBQ,,pop bbq
3 Tacos,,3 tacos
Bowl Soup n Sand,,bowl soup n sand
Chik Lett Wrap,,chik lett wrap
ORBIT/BUB-BM,,orbit/bub-bm
ORBIT/C-MINT,,orbit/c-mint
Raisin/cin bread,,raisin/cin bread
SAH VEG BEEF,,sah veg beef
SAH/CREAMTOMATO,,sah/creamtomato
$10 Studio 40 ,,$10 studio 40 
Nutella Snack,,nutella snack
ShootStarPinoBT,,shootstarpinobt
ANNIE Grlc Sclln,,annie grlc sclln
Cran Alm Trail,,cran alm trail
LUNA Coconut,,luna coconut
Nongshim Bowl,,nongshim bowl
ODW Van Pro,,odw van pro
$8.00 Fish,,$8.00 fish
Cashews,,cashews
Cheez spicy chip,,cheez spicy chip
Clif Alm/Cherry,,clif alm/cherry
CRUNCH MUN TOFF,,crunch mun toff
Hess Chard BT,,hess chard bt
Hot Tea,,hot tea
Kind +Nut Deligh,,kind +nut deligh
Nu Go GF Choc,,nu go gf choc
SW Chic Breast,,sw chic breast
Tuna Roll,,tuna roll
Cajun Chick Sand,,cajun chick sand
Cheez IT Ched,,cheez it ched
Cheez IT Orig,,cheez it orig
CLIF OAT RAISIN,,clif oat raisin
FRUIT COCKTAIL,,fruit cocktail
Grilled Veg,,grilled veg
SOUR/KIDS,,sour/kids
EDAMAME SALTED,,edamame salted
Edamame sunshine,,edamame sunshine
EDAMAME WASABI,,edamame wasabi
hummus/pretz,,hummus/pretz
Italian Bread,,italian bread
Raisin Granola,,raisin granola
Reese Cup dark,,reese cup dark
RUFFLES,,ruffles
Amy Ch Pizza,,amy ch pizza
Brussel Sprt 4oz,,brussel sprt 4oz
Chicken Wings,,chicken wings
Flipz Choc,,flipz choc
Flipz White,,flipz white
GF Cookie,,gf cookie
Hot Choc Bar,,hot choc bar
"Squash , ea",,"squash , ea"
String Mozz/Ched,,string mozz/ched
EVOL Ench,,evol ench
Pop ChipOrig Pot,,pop chiporig pot
Writers Syrah BT,,writers syrah bt
Chevre Cran/pec,,chevre cran/pec
RR Meat Snack,,rr meat snack
Simply Lem 1.75,,simply lem 1.75
Chef/BEFFARO,,chef/beffaro
EDAMAME goji,,edamame goji
BOLOGNA12oz,,bologna12oz
Chicken Add on,,chicken add on
MAR/INS/SHRI,,mar/ins/shri
ODW Mango,,odw mango
"Onion, Red/White",,"onion, red/white"
ButterFINGER,,butterfinger
Bean Salt n pep,,bean salt n pep
Bean Sea salt,,bean sea salt
Cheez-it 3.8oz,,cheez-it 3.8oz
HD/AM ALMOND,,hd/am almond
Horizon Provel,,horizon provel
Perfect ChocCook,,perfect choccook
Pills Choc Chip,,pills choc chip
Thats it Ban,,thats it ban
Thats it STR,,thats it str
CLIFF PRO Mint,,cliff pro mint
Kind Gran Bar,,kind gran bar
Meat Quesadilla,,meat quesadilla
ODW Bar Choc ,,odw bar choc 
Herb Chevre,,herb chevre
ODW Bar Ban,,odw bar ban
Pop .8oz Swt pot,,pop .8oz swt pot
Trivia Night $6,,trivia night $6
ALMOND JOY,,almond joy
Bear NakedCin,,bear nakedcin
Deep Pizza,,deep pizza
Mini Quiche BD,,mini quiche bd
Chic Bulgogi,,chic bulgogi
Feng Shui Crack,,feng shui crack
UDI Whole Bread,,udi whole bread
Agusta Port,,agusta port
Banh Mi,,banh mi
Bib Salad,,bib salad
Cheddar Waffle,,cheddar waffle
Crostada,,crostada
Fish Tacos,,fish tacos
Polenta,,polenta
Steak and Eggs,,steak and eggs
Trout,,trout
Mint Chip,,mint chip
Wash u Blend $11,,wash u blend $11
Feature Wine G,,feature wine g
hum class/pretz,,hum class/pretz
1/2 Gruet BT,,1/2 gruet bt
Bean Rice Nacho,,bean rice nacho
SAPPORO-Chix,,sapporo-chix
SHIN Bowl,,shin bowl
Sushi-Specialty,,sushi-specialty
Wash U Blend,,wash u blend
BYO Waffle Bar,,byo waffle bar
M-F BRK Meal $5,,m-f brk meal $5
Minute Rice,,minute rice
12oz ODW BLUE,,12oz odw blue
AMY LIGHT PASTA,,amy light pasta
Berry Nut Blend,,berry nut blend
Cow Ched 4oz,,cow ched 4oz
Goat Ched 4oz,,goat ched 4oz
Prego/TRAD,,prego/trad
SF Seed Pep 6oz,,sf seed pep 6oz
20oz Lem/Lime,,20oz lem/lime
Bread Bowl,,bread bowl
Ibby's Salad,,ibby's salad
Pot Pie,,pot pie
Prego/Mush,,prego/mush
Waffle Sandwich,,waffle sandwich
No Salt,,no salt
Kind + alm/apric,,kind + alm/apric
LACTAID,,lactaid
CLIF/apricot,,clif/apricot
Flat Bread,,flat bread
Fuse Lem tea,,fuse lem tea
Hash- side,,hash- side
Local Pasta,,local pasta
MELLO YZERO20oz,,mello yzero20oz
Minestrone,,minestrone
Pretzel Sticks,,pretzel sticks
Reuben Sub,,reuben sub
32 P Fruit,,32 p fruit
32PAZERO Grape,,32pazero grape
Coke 20oz Vanill,,coke 20oz vanill
Coke Glass,,coke glass
Core Choc,,core choc
Core Vanilla,,core vanilla
Dasani berry,,dasani berry
Dasani Lemon,,dasani lemon
Dasani Lime,,dasani lime
Fanta Grape,,fanta grape
Fanta Orange,,fanta orange
Fanta Pineapple,,fanta pineapple
Fanta Straw,,fanta straw
Fruit H20 Blk Ra,,fruit h20 blk ra
Fruit H20 lemon,,fruit h20 lemon
Fruit H20 orange,,fruit h20 orange
Fruit H20 straw ,,fruit h20 straw 
Fuse Diet,,fuse diet
Fuse str tea,,fuse str tea
PA 32 oz Grape,,pa 32 oz grape
PA 32 Zero orang,,pa 32 zero orang
Peace Green T,,peace green t
Peace Lemade,,peace lemade
Peace peach T,,peace peach t
Peace pink lem,,peace pink lem
Peace Razzle,,peace razzle
Peace Swt Lem,,peace swt lem
Peace texas,,peace texas
Peak Lemon,,peak lemon
Sprite Alum 8oz,,sprite alum 8oz
Sprite Glass,,sprite glass
VIT H20 ESSENTIA,,vit h20 essentia
Vitamin Berry,,vitamin berry
Vitamin Orange,,vitamin orange
Vitamin Straw,,vitamin straw
Zero Alum 8oz,,zero alum 8oz
Zico Chocolate,,zico chocolate
Zico Natural,,zico natural
Zico Pineapple,,zico pineapple
Chocolate,,chocolate
Core Banana,,core banana
Diet Alum 8oz,,diet alum 8oz
Core Straw Ban,,core straw ban
Hot Choc Special,,hot choc special
HD/Coffee,,hd/coffee
ANNIE MISO,,annie miso
Tortilla  Chips ,,tortilla  chips 
Chipa Ahoy 6oz,,chipa ahoy 6oz
Dibs Crunch,,dibs crunch
Kind Gran Van,,kind gran van
Micro CAMP Clam,,micro camp clam
Eggplant Sand,,eggplant sand
Fish n Chips,,fish n chips
Soup and Bread ,,soup and bread 
Cup Cake,,cup cake
Stick HC w/Milk,,stick hc w/milk
Stick Hot Choc,,stick hot choc
6 Pack Cup Cakes,,6 pack cup cakes
Birthday Cake,,birthday cake
Whole Pie,,whole pie
Street Food $3,,street food $3
Coke 20oz LIFE,,coke 20oz life
Apple n Greens,,apple n greens
Bone-In PorkChop,,bone-in porkchop
Flank Steak,,flank steak
Island Passion,,island passion
Kale Boost,,kale boost
Pork Sand,,pork sand
Pork Steak,,pork steak
Premium Burger,,premium burger
Premium Veg Side,,premium veg side
Self Service COF,,self service cof
Sirloin Steak,,sirloin steak
Veggie Kabob,,veggie kabob
Chic Po Boy Sand,,chic po boy sand
Potato Side,,potato side
Sia Lemon .5pt,,sia lemon .5pt
Tilapia,,tilapia
Tilapia Tacos,,tilapia tacos
Veggie Ruben,,veggie ruben
Vitamin Boost,,vitamin boost
Calamari Steak,,calamari steak
Catfish,,catfish
Cobbler/Pie,,cobbler/pie
Cuban Ham Sand,,cuban ham sand
Mac n Ch,,mac n ch
Premium Mac n Ch,,premium mac n ch
Quiche,,quiche
Salmon,,salmon
Sausage,,sausage
Sia Cherry .5pt,,sia cherry .5pt
Sia Grape .5pt,,sia grape .5pt
Stromboli,,stromboli
Thai VeggieSalad,,thai veggiesalad
Veg Flauta,,veg flauta
Add Salmon,,add salmon
Bouillabaisse,,bouillabaisse
Foris Moscato BT,,foris moscato bt
Meat Flauta,,meat flauta
Oysters,,oysters
Pasta,,pasta
Profiteroles,,profiteroles
Smores Tart,,smores tart
Stuffed FR TST,,stuffed fr tst
Sweetpotato Soup,,sweetpotato soup
Toast Bites,,toast bites
Tuna Steak,,tuna steak
Veggie Risotto,,veggie risotto
Bosnian Pita,,bosnian pita
Mac n Ch SM,,mac n ch sm
Grayson Cab GL,,grayson cab gl
Kind + nut/yogur,,kind + nut/yogur
Big100 METRX,,big100 metrx
Bottomless Mug,,bottomless mug
CHEETOS PUFFS,,cheetos puffs
Coke Alum 8oz,,coke alum 8oz
DOR/SPICY,,dor/spicy
Planter seasalt,,planter seasalt
STOUFFPIZZADX,,stouffpizzadx
32PWR Zero Punch,,32pwr zero punch
pil Cookie Dough,,pil cookie dough
Edy's Bttr Finge,,edy's bttr finge
HD/STRBERRY,,hd/strberry
HDCARAMEL,,hdcaramel
Mac n Ch LG,,mac n ch lg